name,code,emoji,unicode,image
Ascension Island,AC,ğŸ‡¦ğŸ‡¨,U+1F1E6 U+1F1E8,https://cdn.jsdelivr.net/npm/country-flag-emoji-json@2.0.0/dist/images/AC.svg
Andorra,AD,ğŸ‡¦ğŸ‡©,U+1F1E6 U+1F1E9,https://cdn.jsdelivr.net/npm/country-flag-emoji-json@2.0.0/dist/images/AD.svg
United Arab Emirates,AE,ğŸ‡¦ğŸ‡ª,U+1F1E6 U+1F1EA,https://cdn.jsdelivr.net/npm/country-flag-emoji-json@2.0.0/dist/images/AE.svg
Afghanistan,AF,ğŸ‡¦ğŸ‡«,U+1F1E6 U+1F1EB,https://cdn.jsdelivr.net/npm/country-flag-emoji-json@2.0.0/dist/images/AF.svg
Antigua & Barbuda,AG,ğŸ‡¦ğŸ‡¬,U+1F1E6 U+1F1EC,https://cdn.jsdelivr.net/npm/country-flag-emoji-json@2.0.0/dist/images/AG.svg
Anguilla,AI,ğŸ‡¦ğŸ‡®,U+1F1E6 U+1F1EE,https://cdn.jsdelivr.net/npm/country-flag-emoji-json@2.0.0/dist/images/AI.svg
Albania,AL,ğŸ‡¦ğŸ‡±,U+1F1E6 U+1F1F1,https://cdn.jsdelivr.net/npm/country-flag-emoji-json@2.0.0/dist/images/AL.svg
Armenia,AM,ğŸ‡¦ğŸ‡²,U+1F1E6 U+1F1F2,https://cdn.jsdelivr.net/npm/country-flag-emoji-json@2.0.0/dist/images/AM.svg
Angola,AO,ğŸ‡¦ğŸ‡´,U+1F1E6 U+1F1F4,https://cdn.jsdelivr.net/npm/country-flag-emoji-json@2.0.0/dist/images/AO.svg
Antarctica,AQ,ğŸ‡¦ğŸ‡¶,U+1F1E6 U+1F1F6,https://cdn.jsdelivr.net/npm/country-flag-emoji-json@2.0.0/dist/images/AQ.svg
Argentina,AR,ğŸ‡¦ğŸ‡·,U+1F1E6 U+1F1F7,https://cdn.jsdelivr.net/npm/country-flag-emoji-json@2.0.0/dist/images/AR.svg
American Samoa,AS,ğŸ‡¦ğŸ‡¸,U+1F1E6 U+1F1F8,https://cdn.jsdelivr.net/npm/country-flag-emoji-json@2.0.0/dist/images/AS.svg
Austria,AT,ğŸ‡¦ğŸ‡¹,U+1F1E6 U+1F1F9,https://cdn.jsdelivr.net/npm/country-flag-emoji-json@2.0.0/dist/images/AT.svg
Australia,AU,ğŸ‡¦ğŸ‡º,U+1F1E6 U+1F1FA,https://cdn.jsdelivr.net/npm/country-flag-emoji-json@2.0.0/dist/images/AU.svg
Aruba,AW,ğŸ‡¦ğŸ‡¼,U+1F1E6 U+1F1FC,https://cdn.jsdelivr.net/npm/country-flag-emoji-json@2.0.0/dist/images/AW.svg
Ã…land Islands,AX,ğŸ‡¦ğŸ‡½,U+1F1E6 U+1F1FD,https://cdn.jsdelivr.net/npm/country-flag-emoji-json@2.0.0/dist/images/AX.svg
Azerbaijan,AZ,ğŸ‡¦ğŸ‡¿,U+1F1E6 U+1F1FF,https://cdn.jsdelivr.net/npm/country-flag-emoji-json@2.0.0/dist/images/AZ.svg
Bosnia & Herzegovina,BA,ğŸ‡§ğŸ‡¦,U+1F1E7 U+1F1E6,https://cdn.jsdelivr.net/npm/country-flag-emoji-json@2.0.0/dist/images/BA.svg
Barbados,BB,ğŸ‡§ğŸ‡§,U+1F1E7 U+1F1E7,https://cdn.jsdelivr.net/npm/country-flag-emoji-json@2.0.0/dist/images/BB.svg
Bangladesh,BD,ğŸ‡§ğŸ‡©,U+1F1E7 U+1F1E9,https://cdn.jsdelivr.net/npm/country-flag-emoji-json@2.0.0/dist/images/BD.svg
Belgium,BE,ğŸ‡§ğŸ‡ª,U+1F1E7 U+1F1EA,https://cdn.jsdelivr.net/npm/country-flag-emoji-json@2.0.0/dist/images/BE.svg
Burkina Faso,BF,ğŸ‡§ğŸ‡«,U+1F1E7 U+1F1EB,https://cdn.jsdelivr.net/npm/country-flag-emoji-json@2.0.0/dist/images/BF.svg
Bulgaria,BG,ğŸ‡§ğŸ‡¬,U+1F1E7 U+1F1EC,https://cdn.jsdelivr.net/npm/country-flag-emoji-json@2.0.0/dist/images/BG.svg
Bahrain,BH,ğŸ‡§ğŸ‡­,U+1F1E7 U+1F1ED,https://cdn.jsdelivr.net/npm/country-flag-emoji-json@2.0.0/dist/images/BH.svg
Burundi,BI,ğŸ‡§ğŸ‡®,U+1F1E7 U+1F1EE,https://cdn.jsdelivr.net/npm/country-flag-emoji-json@2.0.0/dist/images/BI.svg
Benin,BJ,ğŸ‡§ğŸ‡¯,U+1F1E7 U+1F1EF,https://cdn.jsdelivr.net/npm/country-flag-emoji-json@2.0.0/dist/images/BJ.svg
St. BarthÃ©lemy,BL,ğŸ‡§ğŸ‡±,U+1F1E7 U+1F1F1,https://cdn.jsdelivr.net/npm/country-flag-emoji-json@2.0.0/dist/images/BL.svg
Bermuda,BM,ğŸ‡§ğŸ‡²,U+1F1E7 U+1F1F2,https://cdn.jsdelivr.net/npm/country-flag-emoji-json@2.0.0/dist/images/BM.svg
Brunei,BN,ğŸ‡§ğŸ‡³,U+1F1E7 U+1F1F3,https://cdn.jsdelivr.net/npm/country-flag-emoji-json@2.0.0/dist/images/BN.svg
Bolivia,BO,ğŸ‡§ğŸ‡´,U+1F1E7 U+1F1F4,https://cdn.jsdelivr.net/npm/country-flag-emoji-json@2.0.0/dist/images/BO.svg
Caribbean Netherlands,BQ,ğŸ‡§ğŸ‡¶,U+1F1E7 U+1F1F6,https://cdn.jsdelivr.net/npm/country-flag-emoji-json@2.0.0/dist/images/BQ.svg
Brazil,BR,ğŸ‡§ğŸ‡·,U+1F1E7 U+1F1F7,https://cdn.jsdelivr.net/npm/country-flag-emoji-json@2.0.0/dist/images/BR.svg
Bahamas,BS,ğŸ‡§ğŸ‡¸,U+1F1E7 U+1F1F8,https://cdn.jsdelivr.net/npm/country-flag-emoji-json@2.0.0/dist/images/BS.svg
Bhutan,BT,ğŸ‡§ğŸ‡¹,U+1F1E7 U+1F1F9,https://cdn.jsdelivr.net/npm/country-flag-emoji-json@2.0.0/dist/images/BT.svg
Bouvet Island,BV,ğŸ‡§ğŸ‡»,U+1F1E7 U+1F1FB,https://cdn.jsdelivr.net/npm/country-flag-emoji-json@2.0.0/dist/images/BV.svg
Botswana,BW,ğŸ‡§ğŸ‡¼,U+1F1E7 U+1F1FC,https://cdn.jsdelivr.net/npm/country-flag-emoji-json@2.0.0/dist/images/BW.svg
Belarus,BY,ğŸ‡§ğŸ‡¾,U+1F1E7 U+1F1FE,https://cdn.jsdelivr.net/npm/country-flag-emoji-json@2.0.0/dist/images/BY.svg
Belize,BZ,ğŸ‡§ğŸ‡¿,U+1F1E7 U+1F1FF,https://cdn.jsdelivr.net/npm/country-flag-emoji-json@2.0.0/dist/images/BZ.svg
Canada,CA,ğŸ‡¨ğŸ‡¦,U+1F1E8 U+1F1E6,https://cdn.jsdelivr.net/npm/country-flag-emoji-json@2.0.0/dist/images/CA.svg
Cocos (Keeling) Islands,CC,ğŸ‡¨ğŸ‡¨,U+1F1E8 U+1F1E8,https://cdn.jsdelivr.net/npm/country-flag-emoji-json@2.0.0/dist/images/CC.svg
Congo - Kinshasa,CD,ğŸ‡¨ğŸ‡©,U+1F1E8 U+1F1E9,https://cdn.jsdelivr.net/npm/country-flag-emoji-json@2.0.0/dist/images/CD.svg
Central African Republic,CF,ğŸ‡¨ğŸ‡«,U+1F1E8 U+1F1EB,https://cdn.jsdelivr.net/npm/country-flag-emoji-json@2.0.0/dist/images/CF.svg
Congo - Brazzaville,CG,ğŸ‡¨ğŸ‡¬,U+1F1E8 U+1F1EC,https://cdn.jsdelivr.net/npm/country-flag-emoji-json@2.0.0/dist/images/CG.svg
Switzerland,CH,ğŸ‡¨ğŸ‡­,U+1F1E8 U+1F1ED,https://cdn.jsdelivr.net/npm/country-flag-emoji-json@2.0.0/dist/images/CH.svg
CÃ´te dâ€™Ivoire,CI,ğŸ‡¨ğŸ‡®,U+1F1E8 U+1F1EE,https://cdn.jsdelivr.net/npm/country-flag-emoji-json@2.0.0/dist/images/CI.svg
Cook Islands,CK,ğŸ‡¨ğŸ‡°,U+1F1E8 U+1F1F0,https://cdn.jsdelivr.net/npm/country-flag-emoji-json@2.0.0/dist/images/CK.svg
Chile,CL,ğŸ‡¨ğŸ‡±,U+1F1E8 U+1F1F1,https://cdn.jsdelivr.net/npm/country-flag-emoji-json@2.0.0/dist/images/CL.svg
Cameroon,CM,ğŸ‡¨ğŸ‡²,U+1F1E8 U+1F1F2,https://cdn.jsdelivr.net/npm/country-flag-emoji-json@2.0.0/dist/images/CM.svg
China,CN,ğŸ‡¨ğŸ‡³,U+1F1E8 U+1F1F3,https://cdn.jsdelivr.net/npm/country-flag-emoji-json@2.0.0/dist/images/CN.svg
Colombia,CO,ğŸ‡¨ğŸ‡´,U+1F1E8 U+1F1F4,https://cdn.jsdelivr.net/npm/country-flag-emoji-json@2.0.0/dist/images/CO.svg
Clipperton Island,CP,ğŸ‡¨ğŸ‡µ,U+1F1E8 U+1F1F5,https://cdn.jsdelivr.net/npm/country-flag-emoji-json@2.0.0/dist/images/CP.svg
Costa Rica,CR,ğŸ‡¨ğŸ‡·,U+1F1E8 U+1F1F7,https://cdn.jsdelivr.net/npm/country-flag-emoji-json@2.0.0/dist/images/CR.svg
Cuba,CU,ğŸ‡¨ğŸ‡º,U+1F1E8 U+1F1FA,https://cdn.jsdelivr.net/npm/country-flag-emoji-json@2.0.0/dist/images/CU.svg
Cape Verde,CV,ğŸ‡¨ğŸ‡»,U+1F1E8 U+1F1FB,https://cdn.jsdelivr.net/npm/country-flag-emoji-json@2.0.0/dist/images/CV.svg
CuraÃ§ao,CW,ğŸ‡¨ğŸ‡¼,U+1F1E8 U+1F1FC,https://cdn.jsdelivr.net/npm/country-flag-emoji-json@2.0.0/dist/images/CW.svg
Christmas Island,CX,ğŸ‡¨ğŸ‡½,U+1F1E8 U+1F1FD,https://cdn.jsdelivr.net/npm/country-flag-emoji-json@2.0.0/dist/images/CX.svg
Cyprus,CY,ğŸ‡¨ğŸ‡¾,U+1F1E8 U+1F1FE,https://cdn.jsdelivr.net/npm/country-flag-emoji-json@2.0.0/dist/images/CY.svg
Czechia,CZ,ğŸ‡¨ğŸ‡¿,U+1F1E8 U+1F1FF,https://cdn.jsdelivr.net/npm/country-flag-emoji-json@2.0.0/dist/images/CZ.svg
Germany,DE,ğŸ‡©ğŸ‡ª,U+1F1E9 U+1F1EA,https://cdn.jsdelivr.net/npm/country-flag-emoji-json@2.0.0/dist/images/DE.svg
Diego Garcia,DG,ğŸ‡©ğŸ‡¬,U+1F1E9 U+1F1EC,https://cdn.jsdelivr.net/npm/country-flag-emoji-json@2.0.0/dist/images/DG.svg
Djibouti,DJ,ğŸ‡©ğŸ‡¯,U+1F1E9 U+1F1EF,https://cdn.jsdelivr.net/npm/country-flag-emoji-json@2.0.0/dist/images/DJ.svg
Denmark,DK,ğŸ‡©ğŸ‡°,U+1F1E9 U+1F1F0,https://cdn.jsdelivr.net/npm/country-flag-emoji-json@2.0.0/dist/images/DK.svg
Dominica,DM,ğŸ‡©ğŸ‡²,U+1F1E9 U+1F1F2,https://cdn.jsdelivr.net/npm/country-flag-emoji-json@2.0.0/dist/images/DM.svg
Dominican Republic,DO,ğŸ‡©ğŸ‡´,U+1F1E9 U+1F1F4,https://cdn.jsdelivr.net/npm/country-flag-emoji-json@2.0.0/dist/images/DO.svg
Algeria,DZ,ğŸ‡©ğŸ‡¿,U+1F1E9 U+1F1FF,https://cdn.jsdelivr.net/npm/country-flag-emoji-json@2.0.0/dist/images/DZ.svg
Ceuta & Melilla,EA,ğŸ‡ªğŸ‡¦,U+1F1EA U+1F1E6,https://cdn.jsdelivr.net/npm/country-flag-emoji-json@2.0.0/dist/images/EA.svg
Ecuador,EC,ğŸ‡ªğŸ‡¨,U+1F1EA U+1F1E8,https://cdn.jsdelivr.net/npm/country-flag-emoji-json@2.0.0/dist/images/EC.svg
Estonia,EE,ğŸ‡ªğŸ‡ª,U+1F1EA U+1F1EA,https://cdn.jsdelivr.net/npm/country-flag-emoji-json@2.0.0/dist/images/EE.svg
Egypt,EG,ğŸ‡ªğŸ‡¬,U+1F1EA U+1F1EC,https://cdn.jsdelivr.net/npm/country-flag-emoji-json@2.0.0/dist/images/EG.svg
Western Sahara,EH,ğŸ‡ªğŸ‡­,U+1F1EA U+1F1ED,https://cdn.jsdelivr.net/npm/country-flag-emoji-json@2.0.0/dist/images/EH.svg
Eritrea,ER,ğŸ‡ªğŸ‡·,U+1F1EA U+1F1F7,https://cdn.jsdelivr.net/npm/country-flag-emoji-json@2.0.0/dist/images/ER.svg
Spain,ES,ğŸ‡ªğŸ‡¸,U+1F1EA U+1F1F8,https://cdn.jsdelivr.net/npm/country-flag-emoji-json@2.0.0/dist/images/ES.svg
Ethiopia,ET,ğŸ‡ªğŸ‡¹,U+1F1EA U+1F1F9,https://cdn.jsdelivr.net/npm/country-flag-emoji-json@2.0.0/dist/images/ET.svg
European Union,EU,ğŸ‡ªğŸ‡º,U+1F1EA U+1F1FA,https://cdn.jsdelivr.net/npm/country-flag-emoji-json@2.0.0/dist/images/EU.svg
Finland,FI,ğŸ‡«ğŸ‡®,U+1F1EB U+1F1EE,https://cdn.jsdelivr.net/npm/country-flag-emoji-json@2.0.0/dist/images/FI.svg
Fiji,FJ,ğŸ‡«ğŸ‡¯,U+1F1EB U+1F1EF,https://cdn.jsdelivr.net/npm/country-flag-emoji-json@2.0.0/dist/images/FJ.svg
Falkland Islands,FK,ğŸ‡«ğŸ‡°,U+1F1EB U+1F1F0,https://cdn.jsdelivr.net/npm/country-flag-emoji-json@2.0.0/dist/images/FK.svg
Micronesia,FM,ğŸ‡«ğŸ‡²,U+1F1EB U+1F1F2,https://cdn.jsdelivr.net/npm/country-flag-emoji-json@2.0.0/dist/images/FM.svg
Faroe Islands,FO,ğŸ‡«ğŸ‡´,U+1F1EB U+1F1F4,https://cdn.jsdelivr.net/npm/country-flag-emoji-json@2.0.0/dist/images/FO.svg
France,FR,ğŸ‡«ğŸ‡·,U+1F1EB U+1F1F7,https://cdn.jsdelivr.net/npm/country-flag-emoji-json@2.0.0/dist/images/FR.svg
Gabon,GA,ğŸ‡¬ğŸ‡¦,U+1F1EC U+1F1E6,https://cdn.jsdelivr.net/npm/country-flag-emoji-json@2.0.0/dist/images/GA.svg
United Kingdom,GB,ğŸ‡¬ğŸ‡§,U+1F1EC U+1F1E7,https://cdn.jsdelivr.net/npm/country-flag-emoji-json@2.0.0/dist/images/GB.svg
Grenada,GD,ğŸ‡¬ğŸ‡©,U+1F1EC U+1F1E9,https://cdn.jsdelivr.net/npm/country-flag-emoji-json@2.0.0/dist/images/GD.svg
Georgia,GE,ğŸ‡¬ğŸ‡ª,U+1F1EC U+1F1EA,https://cdn.jsdelivr.net/npm/country-flag-emoji-json@2.0.0/dist/images/GE.svg
French Guiana,GF,ğŸ‡¬ğŸ‡«,U+1F1EC U+1F1EB,https://cdn.jsdelivr.net/npm/country-flag-emoji-json@2.0.0/dist/images/GF.svg
Guernsey,GG,ğŸ‡¬ğŸ‡¬,U+1F1EC U+1F1EC,https://cdn.jsdelivr.net/npm/country-flag-emoji-json@2.0.0/dist/images/GG.svg
Ghana,GH,ğŸ‡¬ğŸ‡­,U+1F1EC U+1F1ED,https://cdn.jsdelivr.net/npm/country-flag-emoji-json@2.0.0/dist/images/GH.svg
Gibraltar,GI,ğŸ‡¬ğŸ‡®,U+1F1EC U+1F1EE,https://cdn.jsdelivr.net/npm/country-flag-emoji-json@2.0.0/dist/images/GI.svg
Greenland,GL,ğŸ‡¬ğŸ‡±,U+1F1EC U+1F1F1,https://cdn.jsdelivr.net/npm/country-flag-emoji-json@2.0.0/dist/images/GL.svg
Gambia,GM,ğŸ‡¬ğŸ‡²,U+1F1EC U+1F1F2,https://cdn.jsdelivr.net/npm/country-flag-emoji-json@2.0.0/dist/images/GM.svg
Guinea,GN,ğŸ‡¬ğŸ‡³,U+1F1EC U+1F1F3,https://cdn.jsdelivr.net/npm/country-flag-emoji-json@2.0.0/dist/images/GN.svg
Guadeloupe,GP,ğŸ‡¬ğŸ‡µ,U+1F1EC U+1F1F5,https://cdn.jsdelivr.net/npm/country-flag-emoji-json@2.0.0/dist/images/GP.svg
Equatorial Guinea,GQ,ğŸ‡¬ğŸ‡¶,U+1F1EC U+1F1F6,https://cdn.jsdelivr.net/npm/country-flag-emoji-json@2.0.0/dist/images/GQ.svg
Greece,GR,ğŸ‡¬ğŸ‡·,U+1F1EC U+1F1F7,https://cdn.jsdelivr.net/npm/country-flag-emoji-json@2.0.0/dist/images/GR.svg
South Georgia & South Sandwich Islands,GS,ğŸ‡¬ğŸ‡¸,U+1F1EC U+1F1F8,https://cdn.jsdelivr.net/npm/country-flag-emoji-json@2.0.0/dist/images/GS.svg
Guatemala,GT,ğŸ‡¬ğŸ‡¹,U+1F1EC U+1F1F9,https://cdn.jsdelivr.net/npm/country-flag-emoji-json@2.0.0/dist/images/GT.svg
Guam,GU,ğŸ‡¬ğŸ‡º,U+1F1EC U+1F1FA,https://cdn.jsdelivr.net/npm/country-flag-emoji-json@2.0.0/dist/images/GU.svg
Guinea-Bissau,GW,ğŸ‡¬ğŸ‡¼,U+1F1EC U+1F1FC,https://cdn.jsdelivr.net/npm/country-flag-emoji-json@2.0.0/dist/images/GW.svg
Guyana,GY,ğŸ‡¬ğŸ‡¾,U+1F1EC U+1F1FE,https://cdn.jsdelivr.net/npm/country-flag-emoji-json@2.0.0/dist/images/GY.svg
Hong Kong SAR China,HK,ğŸ‡­ğŸ‡°,U+1F1ED U+1F1F0,https://cdn.jsdelivr.net/npm/country-flag-emoji-json@2.0.0/dist/images/HK.svg
Heard & McDonald Islands,HM,ğŸ‡­ğŸ‡²,U+1F1ED U+1F1F2,https://cdn.jsdelivr.net/npm/country-flag-emoji-json@2.0.0/dist/images/HM.svg
Honduras,HN,ğŸ‡­ğŸ‡³,U+1F1ED U+1F1F3,https://cdn.jsdelivr.net/npm/country-flag-emoji-json@2.0.0/dist/images/HN.svg
Croatia,HR,ğŸ‡­ğŸ‡·,U+1F1ED U+1F1F7,https://cdn.jsdelivr.net/npm/country-flag-emoji-json@2.0.0/dist/images/HR.svg
Haiti,HT,ğŸ‡­ğŸ‡¹,U+1F1ED U+1F1F9,https://cdn.jsdelivr.net/npm/country-flag-emoji-json@2.0.0/dist/images/HT.svg
Hungary,HU,ğŸ‡­ğŸ‡º,U+1F1ED U+1F1FA,https://cdn.jsdelivr.net/npm/country-flag-emoji-json@2.0.0/dist/images/HU.svg
Canary Islands,IC,ğŸ‡®ğŸ‡¨,U+1F1EE U+1F1E8,https://cdn.jsdelivr.net/npm/country-flag-emoji-json@2.0.0/dist/images/IC.svg
Indonesia,ID,ğŸ‡®ğŸ‡©,U+1F1EE U+1F1E9,https://cdn.jsdelivr.net/npm/country-flag-emoji-json@2.0.0/dist/images/ID.svg
Ireland,IE,ğŸ‡®ğŸ‡ª,U+1F1EE U+1F1EA,https://cdn.jsdelivr.net/npm/country-flag-emoji-json@2.0.0/dist/images/IE.svg
Israel,IL,ğŸ‡®ğŸ‡±,U+1F1EE U+1F1F1,https://cdn.jsdelivr.net/npm/country-flag-emoji-json@2.0.0/dist/images/IL.svg
Isle of Man,IM,ğŸ‡®ğŸ‡²,U+1F1EE U+1F1F2,https://cdn.jsdelivr.net/npm/country-flag-emoji-json@2.0.0/dist/images/IM.svg
India,IN,ğŸ‡®ğŸ‡³,U+1F1EE U+1F1F3,https://cdn.jsdelivr.net/npm/country-flag-emoji-json@2.0.0/dist/images/IN.svg
British Indian Ocean Territory,IO,ğŸ‡®ğŸ‡´,U+1F1EE U+1F1F4,https://cdn.jsdelivr.net/npm/country-flag-emoji-json@2.0.0/dist/images/IO.svg
Iraq,IQ,ğŸ‡®ğŸ‡¶,U+1F1EE U+1F1F6,https://cdn.jsdelivr.net/npm/country-flag-emoji-json@2.0.0/dist/images/IQ.svg
Iran,IR,ğŸ‡®ğŸ‡·,U+1F1EE U+1F1F7,https://cdn.jsdelivr.net/npm/country-flag-emoji-json@2.0.0/dist/images/IR.svg
Iceland,IS,ğŸ‡®ğŸ‡¸,U+1F1EE U+1F1F8,https://cdn.jsdelivr.net/npm/country-flag-emoji-json@2.0.0/dist/images/IS.svg
Italy,IT,ğŸ‡®ğŸ‡¹,U+1F1EE U+1F1F9,https://cdn.jsdelivr.net/npm/country-flag-emoji-json@2.0.0/dist/images/IT.svg
Jersey,JE,ğŸ‡¯ğŸ‡ª,U+1F1EF U+1F1EA,https://cdn.jsdelivr.net/npm/country-flag-emoji-json@2.0.0/dist/images/JE.svg
Jamaica,JM,ğŸ‡¯ğŸ‡²,U+1F1EF U+1F1F2,https://cdn.jsdelivr.net/npm/country-flag-emoji-json@2.0.0/dist/images/JM.svg
Jordan,JO,ğŸ‡¯ğŸ‡´,U+1F1EF U+1F1F4,https://cdn.jsdelivr.net/npm/country-flag-emoji-json@2.0.0/dist/images/JO.svg
Japan,JP,ğŸ‡¯ğŸ‡µ,U+1F1EF U+1F1F5,https://cdn.jsdelivr.net/npm/country-flag-emoji-json@2.0.0/dist/images/JP.svg
Kenya,KE,ğŸ‡°ğŸ‡ª,U+1F1F0 U+1F1EA,https://cdn.jsdelivr.net/npm/country-flag-emoji-json@2.0.0/dist/images/KE.svg
Kyrgyzstan,KG,ğŸ‡°ğŸ‡¬,U+1F1F0 U+1F1EC,https://cdn.jsdelivr.net/npm/country-flag-emoji-json@2.0.0/dist/images/KG.svg
Cambodia,KH,ğŸ‡°ğŸ‡­,U+1F1F0 U+1F1ED,https://cdn.jsdelivr.net/npm/country-flag-emoji-json@2.0.0/dist/images/KH.svg
Kiribati,KI,ğŸ‡°ğŸ‡®,U+1F1F0 U+1F1EE,https://cdn.jsdelivr.net/npm/country-flag-emoji-json@2.0.0/dist/images/KI.svg
Comoros,KM,ğŸ‡°ğŸ‡²,U+1F1F0 U+1F1F2,https://cdn.jsdelivr.net/npm/country-flag-emoji-json@2.0.0/dist/images/KM.svg
St. Kitts & Nevis,KN,ğŸ‡°ğŸ‡³,U+1F1F0 U+1F1F3,https://cdn.jsdelivr.net/npm/country-flag-emoji-json@2.0.0/dist/images/KN.svg
North Korea,KP,ğŸ‡°ğŸ‡µ,U+1F1F0 U+1F1F5,https://cdn.jsdelivr.net/npm/country-flag-emoji-json@2.0.0/dist/images/KP.svg
South Korea,KR,ğŸ‡°ğŸ‡·,U+1F1F0 U+1F1F7,https://cdn.jsdelivr.net/npm/country-flag-emoji-json@2.0.0/dist/images/KR.svg
Kuwait,KW,ğŸ‡°ğŸ‡¼,U+1F1F0 U+1F1FC,https://cdn.jsdelivr.net/npm/country-flag-emoji-json@2.0.0/dist/images/KW.svg
Cayman Islands,KY,ğŸ‡°ğŸ‡¾,U+1F1F0 U+1F1FE,https://cdn.jsdelivr.net/npm/country-flag-emoji-json@2.0.0/dist/images/KY.svg
Kazakhstan,KZ,ğŸ‡°ğŸ‡¿,U+1F1F0 U+1F1FF,https://cdn.jsdelivr.net/npm/country-flag-emoji-json@2.0.0/dist/images/KZ.svg
Laos,LA,ğŸ‡±ğŸ‡¦,U+1F1F1 U+1F1E6,https://cdn.jsdelivr.net/npm/country-flag-emoji-json@2.0.0/dist/images/LA.svg
Lebanon,LB,ğŸ‡±ğŸ‡§,U+1F1F1 U+1F1E7,https://cdn.jsdelivr.net/npm/country-flag-emoji-json@2.0.0/dist/images/LB.svg
St. Lucia,LC,ğŸ‡±ğŸ‡¨,U+1F1F1 U+1F1E8,https://cdn.jsdelivr.net/npm/country-flag-emoji-json@2.0.0/dist/images/LC.svg
Liechtenstein,LI,ğŸ‡±ğŸ‡®,U+1F1F1 U+1F1EE,https://cdn.jsdelivr.net/npm/country-flag-emoji-json@2.0.0/dist/images/LI.svg
Sri Lanka,LK,ğŸ‡±ğŸ‡°,U+1F1F1 U+1F1F0,https://cdn.jsdelivr.net/npm/country-flag-emoji-json@2.0.0/dist/images/LK.svg
Liberia,LR,ğŸ‡±ğŸ‡·,U+1F1F1 U+1F1F7,https://cdn.jsdelivr.net/npm/country-flag-emoji-json@2.0.0/dist/images/LR.svg
Lesotho,LS,ğŸ‡±ğŸ‡¸,U+1F1F1 U+1F1F8,https://cdn.jsdelivr.net/npm/country-flag-emoji-json@2.0.0/dist/images/LS.svg
Lithuania,LT,ğŸ‡±ğŸ‡¹,U+1F1F1 U+1F1F9,https://cdn.jsdelivr.net/npm/country-flag-emoji-json@2.0.0/dist/images/LT.svg
Luxembourg,LU,ğŸ‡±ğŸ‡º,U+1F1F1 U+1F1FA,https://cdn.jsdelivr.net/npm/country-flag-emoji-json@2.0.0/dist/images/LU.svg
Latvia,LV,ğŸ‡±ğŸ‡»,U+1F1F1 U+1F1FB,https://cdn.jsdelivr.net/npm/country-flag-emoji-json@2.0.0/dist/images/LV.svg
Libya,LY,ğŸ‡±ğŸ‡¾,U+1F1F1 U+1F1FE,https://cdn.jsdelivr.net/npm/country-flag-emoji-json@2.0.0/dist/images/LY.svg
Morocco,MA,ğŸ‡²ğŸ‡¦,U+1F1F2 U+1F1E6,https://cdn.jsdelivr.net/npm/country-flag-emoji-json@2.0.0/dist/images/MA.svg
Monaco,MC,ğŸ‡²ğŸ‡¨,U+1F1F2 U+1F1E8,https://cdn.jsdelivr.net/npm/country-flag-emoji-json@2.0.0/dist/images/MC.svg
Moldova,MD,ğŸ‡²ğŸ‡©,U+1F1F2 U+1F1E9,https://cdn.jsdelivr.net/npm/country-flag-emoji-json@2.0.0/dist/images/MD.svg
Montenegro,ME,ğŸ‡²ğŸ‡ª,U+1F1F2 U+1F1EA,https://cdn.jsdelivr.net/npm/country-flag-emoji-json@2.0.0/dist/images/ME.svg
St. Martin,MF,ğŸ‡²ğŸ‡«,U+1F1F2 U+1F1EB,https://cdn.jsdelivr.net/npm/country-flag-emoji-json@2.0.0/dist/images/MF.svg
Madagascar,MG,ğŸ‡²ğŸ‡¬,U+1F1F2 U+1F1EC,https://cdn.jsdelivr.net/npm/country-flag-emoji-json@2.0.0/dist/images/MG.svg
Marshall Islands,MH,ğŸ‡²ğŸ‡­,U+1F1F2 U+1F1ED,https://cdn.jsdelivr.net/npm/country-flag-emoji-json@2.0.0/dist/images/MH.svg
North Macedonia,MK,ğŸ‡²ğŸ‡°,U+1F1F2 U+1F1F0,https://cdn.jsdelivr.net/npm/country-flag-emoji-json@2.0.0/dist/images/MK.svg
Mali,ML,ğŸ‡²ğŸ‡±,U+1F1F2 U+1F1F1,https://cdn.jsdelivr.net/npm/country-flag-emoji-json@2.0.0/dist/images/ML.svg
Myanmar (Burma),MM,ğŸ‡²ğŸ‡²,U+1F1F2 U+1F1F2,https://cdn.jsdelivr.net/npm/country-flag-emoji-json@2.0.0/dist/images/MM.svg
Mongolia,MN,ğŸ‡²ğŸ‡³,U+1F1F2 U+1F1F3,https://cdn.jsdelivr.net/npm/country-flag-emoji-json@2.0.0/dist/images/MN.svg
Macao SAR China,MO,ğŸ‡²ğŸ‡´,U+1F1F2 U+1F1F4,https://cdn.jsdelivr.net/npm/country-flag-emoji-json@2.0.0/dist/images/MO.svg
Northern Mariana Islands,MP,ğŸ‡²ğŸ‡µ,U+1F1F2 U+1F1F5,https://cdn.jsdelivr.net/npm/country-flag-emoji-json@2.0.0/dist/images/MP.svg
Martinique,MQ,ğŸ‡²ğŸ‡¶,U+1F1F2 U+1F1F6,https://cdn.jsdelivr.net/npm/country-flag-emoji-json@2.0.0/dist/images/MQ.svg
Mauritania,MR,ğŸ‡²ğŸ‡·,U+1F1F2 U+1F1F7,https://cdn.jsdelivr.net/npm/country-flag-emoji-json@2.0.0/dist/images/MR.svg
Montserrat,MS,ğŸ‡²ğŸ‡¸,U+1F1F2 U+1F1F8,https://cdn.jsdelivr.net/npm/country-flag-emoji-json@2.0.0/dist/images/MS.svg
Malta,MT,ğŸ‡²ğŸ‡¹,U+1F1F2 U+1F1F9,https://cdn.jsdelivr.net/npm/country-flag-emoji-json@2.0.0/dist/images/MT.svg
Mauritius,MU,ğŸ‡²ğŸ‡º,U+1F1F2 U+1F1FA,https://cdn.jsdelivr.net/npm/country-flag-emoji-json@2.0.0/dist/images/MU.svg
Maldives,MV,ğŸ‡²ğŸ‡»,U+1F1F2 U+1F1FB,https://cdn.jsdelivr.net/npm/country-flag-emoji-json@2.0.0/dist/images/MV.svg
Malawi,MW,ğŸ‡²ğŸ‡¼,U+1F1F2 U+1F1FC,https://cdn.jsdelivr.net/npm/country-flag-emoji-json@2.0.0/dist/images/MW.svg
Mexico,MX,ğŸ‡²ğŸ‡½,U+1F1F2 U+1F1FD,https://cdn.jsdelivr.net/npm/country-flag-emoji-json@2.0.0/dist/images/MX.svg
Malaysia,MY,ğŸ‡²ğŸ‡¾,U+1F1F2 U+1F1FE,https://cdn.jsdelivr.net/npm/country-flag-emoji-json@2.0.0/dist/images/MY.svg
Mozambique,MZ,ğŸ‡²ğŸ‡¿,U+1F1F2 U+1F1FF,https://cdn.jsdelivr.net/npm/country-flag-emoji-json@2.0.0/dist/images/MZ.svg
Namibia,"NA",ğŸ‡³ğŸ‡¦,U+1F1F3 U+1F1E6,https://cdn.jsdelivr.net/npm/country-flag-emoji-json@2.0.0/dist/images/NA.svg
New Caledonia,NC,ğŸ‡³ğŸ‡¨,U+1F1F3 U+1F1E8,https://cdn.jsdelivr.net/npm/country-flag-emoji-json@2.0.0/dist/images/NC.svg
Niger,NE,ğŸ‡³ğŸ‡ª,U+1F1F3 U+1F1EA,https://cdn.jsdelivr.net/npm/country-flag-emoji-json@2.0.0/dist/images/NE.svg
Norfolk Island,NF,ğŸ‡³ğŸ‡«,U+1F1F3 U+1F1EB,https://cdn.jsdelivr.net/npm/country-flag-emoji-json@2.0.0/dist/images/NF.svg
Nigeria,NG,ğŸ‡³ğŸ‡¬,U+1F1F3 U+1F1EC,https://cdn.jsdelivr.net/npm/country-flag-emoji-json@2.0.0/dist/images/NG.svg
Nicaragua,NI,ğŸ‡³ğŸ‡®,U+1F1F3 U+1F1EE,https://cdn.jsdelivr.net/npm/country-flag-emoji-json@2.0.0/dist/images/NI.svg
Netherlands,NL,ğŸ‡³ğŸ‡±,U+1F1F3 U+1F1F1,https://cdn.jsdelivr.net/npm/country-flag-emoji-json@2.0.0/dist/images/NL.svg
Norway,NO,ğŸ‡³ğŸ‡´,U+1F1F3 U+1F1F4,https://cdn.jsdelivr.net/npm/country-flag-emoji-json@2.0.0/dist/images/NO.svg
Nepal,NP,ğŸ‡³ğŸ‡µ,U+1F1F3 U+1F1F5,https://cdn.jsdelivr.net/npm/country-flag-emoji-json@2.0.0/dist/images/NP.svg
Nauru,NR,ğŸ‡³ğŸ‡·,U+1F1F3 U+1F1F7,https://cdn.jsdelivr.net/npm/country-flag-emoji-json@2.0.0/dist/images/NR.svg
Niue,NU,ğŸ‡³ğŸ‡º,U+1F1F3 U+1F1FA,https://cdn.jsdelivr.net/npm/country-flag-emoji-json@2.0.0/dist/images/NU.svg
New Zealand,NZ,ğŸ‡³ğŸ‡¿,U+1F1F3 U+1F1FF,https://cdn.jsdelivr.net/npm/country-flag-emoji-json@2.0.0/dist/images/NZ.svg
Oman,OM,ğŸ‡´ğŸ‡²,U+1F1F4 U+1F1F2,https://cdn.jsdelivr.net/npm/country-flag-emoji-json@2.0.0/dist/images/OM.svg
Panama,PA,ğŸ‡µğŸ‡¦,U+1F1F5 U+1F1E6,https://cdn.jsdelivr.net/npm/country-flag-emoji-json@2.0.0/dist/images/PA.svg
Peru,PE,ğŸ‡µğŸ‡ª,U+1F1F5 U+1F1EA,https://cdn.jsdelivr.net/npm/country-flag-emoji-json@2.0.0/dist/images/PE.svg
French Polynesia,PF,ğŸ‡µğŸ‡«,U+1F1F5 U+1F1EB,https://cdn.jsdelivr.net/npm/country-flag-emoji-json@2.0.0/dist/images/PF.svg
Papua New Guinea,PG,ğŸ‡µğŸ‡¬,U+1F1F5 U+1F1EC,https://cdn.jsdelivr.net/npm/country-flag-emoji-json@2.0.0/dist/images/PG.svg
Philippines,PH,ğŸ‡µğŸ‡­,U+1F1F5 U+1F1ED,https://cdn.jsdelivr.net/npm/country-flag-emoji-json@2.0.0/dist/images/PH.svg
Pakistan,PK,ğŸ‡µğŸ‡°,U+1F1F5 U+1F1F0,https://cdn.jsdelivr.net/npm/country-flag-emoji-json@2.0.0/dist/images/PK.svg
Poland,PL,ğŸ‡µğŸ‡±,U+1F1F5 U+1F1F1,https://cdn.jsdelivr.net/npm/country-flag-emoji-json@2.0.0/dist/images/PL.svg
St. Pierre & Miquelon,PM,ğŸ‡µğŸ‡²,U+1F1F5 U+1F1F2,https://cdn.jsdelivr.net/npm/country-flag-emoji-json@2.0.0/dist/images/PM.svg
Pitcairn Islands,PN,ğŸ‡µğŸ‡³,U+1F1F5 U+1F1F3,https://cdn.jsdelivr.net/npm/country-flag-emoji-json@2.0.0/dist/images/PN.svg
Puerto Rico,PR,ğŸ‡µğŸ‡·,U+1F1F5 U+1F1F7,https://cdn.jsdelivr.net/npm/country-flag-emoji-json@2.0.0/dist/images/PR.svg
Palestinian Territories,PS,ğŸ‡µğŸ‡¸,U+1F1F5 U+1F1F8,https://cdn.jsdelivr.net/npm/country-flag-emoji-json@2.0.0/dist/images/PS.svg
Portugal,PT,ğŸ‡µğŸ‡¹,U+1F1F5 U+1F1F9,https://cdn.jsdelivr.net/npm/country-flag-emoji-json@2.0.0/dist/images/PT.svg
Palau,PW,ğŸ‡µğŸ‡¼,U+1F1F5 U+1F1FC,https://cdn.jsdelivr.net/npm/country-flag-emoji-json@2.0.0/dist/images/PW.svg
Paraguay,PY,ğŸ‡µğŸ‡¾,U+1F1F5 U+1F1FE,https://cdn.jsdelivr.net/npm/country-flag-emoji-json@2.0.0/dist/images/PY.svg
Qatar,QA,ğŸ‡¶ğŸ‡¦,U+1F1F6 U+1F1E6,https://cdn.jsdelivr.net/npm/country-flag-emoji-json@2.0.0/dist/images/QA.svg
RÃ©union,RE,ğŸ‡·ğŸ‡ª,U+1F1F7 U+1F1EA,https://cdn.jsdelivr.net/npm/country-flag-emoji-json@2.0.0/dist/images/RE.svg
Romania,RO,ğŸ‡·ğŸ‡´,U+1F1F7 U+1F1F4,https://cdn.jsdelivr.net/npm/country-flag-emoji-json@2.0.0/dist/images/RO.svg
Serbia,RS,ğŸ‡·ğŸ‡¸,U+1F1F7 U+1F1F8,https://cdn.jsdelivr.net/npm/country-flag-emoji-json@2.0.0/dist/images/RS.svg
Russia,RU,ğŸ‡·ğŸ‡º,U+1F1F7 U+1F1FA,https://cdn.jsdelivr.net/npm/country-flag-emoji-json@2.0.0/dist/images/RU.svg
Rwanda,RW,ğŸ‡·ğŸ‡¼,U+1F1F7 U+1F1FC,https://cdn.jsdelivr.net/npm/country-flag-emoji-json@2.0.0/dist/images/RW.svg
Saudi Arabia,SA,ğŸ‡¸ğŸ‡¦,U+1F1F8 U+1F1E6,https://cdn.jsdelivr.net/npm/country-flag-emoji-json@2.0.0/dist/images/SA.svg
Solomon Islands,SB,ğŸ‡¸ğŸ‡§,U+1F1F8 U+1F1E7,https://cdn.jsdelivr.net/npm/country-flag-emoji-json@2.0.0/dist/images/SB.svg
Seychelles,SC,ğŸ‡¸ğŸ‡¨,U+1F1F8 U+1F1E8,https://cdn.jsdelivr.net/npm/country-flag-emoji-json@2.0.0/dist/images/SC.svg
Sudan,SD,ğŸ‡¸ğŸ‡©,U+1F1F8 U+1F1E9,https://cdn.jsdelivr.net/npm/country-flag-emoji-json@2.0.0/dist/images/SD.svg
Sweden,SE,ğŸ‡¸ğŸ‡ª,U+1F1F8 U+1F1EA,https://cdn.jsdelivr.net/npm/country-flag-emoji-json@2.0.0/dist/images/SE.svg
Singapore,SG,ğŸ‡¸ğŸ‡¬,U+1F1F8 U+1F1EC,https://cdn.jsdelivr.net/npm/country-flag-emoji-json@2.0.0/dist/images/SG.svg
St. Helena,SH,ğŸ‡¸ğŸ‡­,U+1F1F8 U+1F1ED,https://cdn.jsdelivr.net/npm/country-flag-emoji-json@2.0.0/dist/images/SH.svg
Slovenia,SI,ğŸ‡¸ğŸ‡®,U+1F1F8 U+1F1EE,https://cdn.jsdelivr.net/npm/country-flag-emoji-json@2.0.0/dist/images/SI.svg
Svalbard & Jan Mayen,SJ,ğŸ‡¸ğŸ‡¯,U+1F1F8 U+1F1EF,https://cdn.jsdelivr.net/npm/country-flag-emoji-json@2.0.0/dist/images/SJ.svg
Slovakia,SK,ğŸ‡¸ğŸ‡°,U+1F1F8 U+1F1F0,https://cdn.jsdelivr.net/npm/country-flag-emoji-json@2.0.0/dist/images/SK.svg
Sierra Leone,SL,ğŸ‡¸ğŸ‡±,U+1F1F8 U+1F1F1,https://cdn.jsdelivr.net/npm/country-flag-emoji-json@2.0.0/dist/images/SL.svg
San Marino,SM,ğŸ‡¸ğŸ‡²,U+1F1F8 U+1F1F2,https://cdn.jsdelivr.net/npm/country-flag-emoji-json@2.0.0/dist/images/SM.svg
Senegal,SN,ğŸ‡¸ğŸ‡³,U+1F1F8 U+1F1F3,https://cdn.jsdelivr.net/npm/country-flag-emoji-json@2.0.0/dist/images/SN.svg
Somalia,SO,ğŸ‡¸ğŸ‡´,U+1F1F8 U+1F1F4,https://cdn.jsdelivr.net/npm/country-flag-emoji-json@2.0.0/dist/images/SO.svg
Suriname,SR,ğŸ‡¸ğŸ‡·,U+1F1F8 U+1F1F7,https://cdn.jsdelivr.net/npm/country-flag-emoji-json@2.0.0/dist/images/SR.svg
South Sudan,SS,ğŸ‡¸ğŸ‡¸,U+1F1F8 U+1F1F8,https://cdn.jsdelivr.net/npm/country-flag-emoji-json@2.0.0/dist/images/SS.svg
SÃ£o TomÃ© & PrÃ­ncipe,ST,ğŸ‡¸ğŸ‡¹,U+1F1F8 U+1F1F9,https://cdn.jsdelivr.net/npm/country-flag-emoji-json@2.0.0/dist/images/ST.svg
El Salvador,SV,ğŸ‡¸ğŸ‡»,U+1F1F8 U+1F1FB,https://cdn.jsdelivr.net/npm/country-flag-emoji-json@2.0.0/dist/images/SV.svg
Sint Maarten,SX,ğŸ‡¸ğŸ‡½,U+1F1F8 U+1F1FD,https://cdn.jsdelivr.net/npm/country-flag-emoji-json@2.0.0/dist/images/SX.svg
Syria,SY,ğŸ‡¸ğŸ‡¾,U+1F1F8 U+1F1FE,https://cdn.jsdelivr.net/npm/country-flag-emoji-json@2.0.0/dist/images/SY.svg
Eswatini,SZ,ğŸ‡¸ğŸ‡¿,U+1F1F8 U+1F1FF,https://cdn.jsdelivr.net/npm/country-flag-emoji-json@2.0.0/dist/images/SZ.svg
Tristan da Cunha,TA,ğŸ‡¹ğŸ‡¦,U+1F1F9 U+1F1E6,https://cdn.jsdelivr.net/npm/country-flag-emoji-json@2.0.0/dist/images/TA.svg
Turks & Caicos Islands,TC,ğŸ‡¹ğŸ‡¨,U+1F1F9 U+1F1E8,https://cdn.jsdelivr.net/npm/country-flag-emoji-json@2.0.0/dist/images/TC.svg
Chad,TD,ğŸ‡¹ğŸ‡©,U+1F1F9 U+1F1E9,https://cdn.jsdelivr.net/npm/country-flag-emoji-json@2.0.0/dist/images/TD.svg
French Southern Territories,TF,ğŸ‡¹ğŸ‡«,U+1F1F9 U+1F1EB,https://cdn.jsdelivr.net/npm/country-flag-emoji-json@2.0.0/dist/images/TF.svg
Togo,TG,ğŸ‡¹ğŸ‡¬,U+1F1F9 U+1F1EC,https://cdn.jsdelivr.net/npm/country-flag-emoji-json@2.0.0/dist/images/TG.svg
Thailand,TH,ğŸ‡¹ğŸ‡­,U+1F1F9 U+1F1ED,https://cdn.jsdelivr.net/npm/country-flag-emoji-json@2.0.0/dist/images/TH.svg
Tajikistan,TJ,ğŸ‡¹ğŸ‡¯,U+1F1F9 U+1F1EF,https://cdn.jsdelivr.net/npm/country-flag-emoji-json@2.0.0/dist/images/TJ.svg
Tokelau,TK,ğŸ‡¹ğŸ‡°,U+1F1F9 U+1F1F0,https://cdn.jsdelivr.net/npm/country-flag-emoji-json@2.0.0/dist/images/TK.svg
Timor-Leste,TL,ğŸ‡¹ğŸ‡±,U+1F1F9 U+1F1F1,https://cdn.jsdelivr.net/npm/country-flag-emoji-json@2.0.0/dist/images/TL.svg
Turkmenistan,TM,ğŸ‡¹ğŸ‡²,U+1F1F9 U+1F1F2,https://cdn.jsdelivr.net/npm/country-flag-emoji-json@2.0.0/dist/images/TM.svg
Tunisia,TN,ğŸ‡¹ğŸ‡³,U+1F1F9 U+1F1F3,https://cdn.jsdelivr.net/npm/country-flag-emoji-json@2.0.0/dist/images/TN.svg
Tonga,TO,ğŸ‡¹ğŸ‡´,U+1F1F9 U+1F1F4,https://cdn.jsdelivr.net/npm/country-flag-emoji-json@2.0.0/dist/images/TO.svg
Turkey,TR,ğŸ‡¹ğŸ‡·,U+1F1F9 U+1F1F7,https://cdn.jsdelivr.net/npm/country-flag-emoji-json@2.0.0/dist/images/TR.svg
Trinidad & Tobago,TT,ğŸ‡¹ğŸ‡¹,U+1F1F9 U+1F1F9,https://cdn.jsdelivr.net/npm/country-flag-emoji-json@2.0.0/dist/images/TT.svg
Tuvalu,TV,ğŸ‡¹ğŸ‡»,U+1F1F9 U+1F1FB,https://cdn.jsdelivr.net/npm/country-flag-emoji-json@2.0.0/dist/images/TV.svg
Taiwan,TW,ğŸ‡¹ğŸ‡¼,U+1F1F9 U+1F1FC,https://cdn.jsdelivr.net/npm/country-flag-emoji-json@2.0.0/dist/images/TW.svg
Tanzania,TZ,ğŸ‡¹ğŸ‡¿,U+1F1F9 U+1F1FF,https://cdn.jsdelivr.net/npm/country-flag-emoji-json@2.0.0/dist/images/TZ.svg
Ukraine,UA,ğŸ‡ºğŸ‡¦,U+1F1FA U+1F1E6,https://cdn.jsdelivr.net/npm/country-flag-emoji-json@2.0.0/dist/images/UA.svg
Uganda,UG,ğŸ‡ºğŸ‡¬,U+1F1FA U+1F1EC,https://cdn.jsdelivr.net/npm/country-flag-emoji-json@2.0.0/dist/images/UG.svg
U.S. Outlying Islands,UM,ğŸ‡ºğŸ‡²,U+1F1FA U+1F1F2,https://cdn.jsdelivr.net/npm/country-flag-emoji-json@2.0.0/dist/images/UM.svg
United Nations,UN,ğŸ‡ºğŸ‡³,U+1F1FA U+1F1F3,https://cdn.jsdelivr.net/npm/country-flag-emoji-json@2.0.0/dist/images/UN.svg
United States,US,ğŸ‡ºğŸ‡¸,U+1F1FA U+1F1F8,https://cdn.jsdelivr.net/npm/country-flag-emoji-json@2.0.0/dist/images/US.svg
Uruguay,UY,ğŸ‡ºğŸ‡¾,U+1F1FA U+1F1FE,https://cdn.jsdelivr.net/npm/country-flag-emoji-json@2.0.0/dist/images/UY.svg
Uzbekistan,UZ,ğŸ‡ºğŸ‡¿,U+1F1FA U+1F1FF,https://cdn.jsdelivr.net/npm/country-flag-emoji-json@2.0.0/dist/images/UZ.svg
Vatican City,VA,ğŸ‡»ğŸ‡¦,U+1F1FB U+1F1E6,https://cdn.jsdelivr.net/npm/country-flag-emoji-json@2.0.0/dist/images/VA.svg
St. Vincent & Grenadines,VC,ğŸ‡»ğŸ‡¨,U+1F1FB U+1F1E8,https://cdn.jsdelivr.net/npm/country-flag-emoji-json@2.0.0/dist/images/VC.svg
Venezuela,VE,ğŸ‡»ğŸ‡ª,U+1F1FB U+1F1EA,https://cdn.jsdelivr.net/npm/country-flag-emoji-json@2.0.0/dist/images/VE.svg
British Virgin Islands,VG,ğŸ‡»ğŸ‡¬,U+1F1FB U+1F1EC,https://cdn.jsdelivr.net/npm/country-flag-emoji-json@2.0.0/dist/images/VG.svg
U.S. Virgin Islands,VI,ğŸ‡»ğŸ‡®,U+1F1FB U+1F1EE,https://cdn.jsdelivr.net/npm/country-flag-emoji-json@2.0.0/dist/images/VI.svg
Vietnam,VN,ğŸ‡»ğŸ‡³,U+1F1FB U+1F1F3,https://cdn.jsdelivr.net/npm/country-flag-emoji-json@2.0.0/dist/images/VN.svg
Vanuatu,VU,ğŸ‡»ğŸ‡º,U+1F1FB U+1F1FA,https://cdn.jsdelivr.net/npm/country-flag-emoji-json@2.0.0/dist/images/VU.svg
Wallis & Futuna,WF,ğŸ‡¼ğŸ‡«,U+1F1FC U+1F1EB,https://cdn.jsdelivr.net/npm/country-flag-emoji-json@2.0.0/dist/images/WF.svg
Samoa,WS,ğŸ‡¼ğŸ‡¸,U+1F1FC U+1F1F8,https://cdn.jsdelivr.net/npm/country-flag-emoji-json@2.0.0/dist/images/WS.svg
Kosovo,XK,ğŸ‡½ğŸ‡°,U+1F1FD U+1F1F0,https://cdn.jsdelivr.net/npm/country-flag-emoji-json@2.0.0/dist/images/XK.svg
Yemen,YE,ğŸ‡¾ğŸ‡ª,U+1F1FE U+1F1EA,https://cdn.jsdelivr.net/npm/country-flag-emoji-json@2.0.0/dist/images/YE.svg
Mayotte,YT,ğŸ‡¾ğŸ‡¹,U+1F1FE U+1F1F9,https://cdn.jsdelivr.net/npm/country-flag-emoji-json@2.0.0/dist/images/YT.svg
South Africa,ZA,ğŸ‡¿ğŸ‡¦,U+1F1FF U+1F1E6,https://cdn.jsdelivr.net/npm/country-flag-emoji-json@2.0.0/dist/images/ZA.svg
Zambia,ZM,ğŸ‡¿ğŸ‡²,U+1F1FF U+1F1F2,https://cdn.jsdelivr.net/npm/country-flag-emoji-json@2.0.0/dist/images/ZM.svg
Zimbabwe,ZW,ğŸ‡¿ğŸ‡¼,U+1F1FF U+1F1FC,https://cdn.jsdelivr.net/npm/country-flag-emoji-json@2.0.0/dist/images/ZW.svg
England,ENGLAND,ğŸ´ó §ó ¢ó ¥ó ®ó §ó ¿,U+1F3F4 U+E0067 U+E0062 U+E0065 U+E006E U+E0067 U+E007F,https://cdn.jsdelivr.net/npm/country-flag-emoji-json@2.0.0/dist/images/ENGLAND.svg
Scotland,SCOTLAND,ğŸ´ó §ó ¢ó ³ó £ó ´ó ¿,U+1F3F4 U+E0067 U+E0062 U+E0073 U+E0063 U+E0074 U+E007F,https://cdn.jsdelivr.net/npm/country-flag-emoji-json@2.0.0/dist/images/SCOTLAND.svg
Wales,WALES,ğŸ´ó §ó ¢ó ·ó ¬ó ³ó ¿,U+1F3F4 U+E0067 U+E0062 U+E0077 U+E006C U+E0073 U+E007F,https://cdn.jsdelivr.net/npm/country-flag-emoji-json@2.0.0/dist/images/WALES.svg
